utr,amount,timestamp,payer_name,description
UTR_42868828,799,2026-08-24T09:06:00,Aditi Rao,UPI payment #0001
UTR_89254563,7999,2026-08-24T09:07:00,Arjun Mehta,UPI payment #0002
UTR_77827638,499,2026-08-24T09:11:00,Rahul Kumar,Subscription #0003
UTR_39587039,3499,2026-08-24T09:20:00,Rahul Kumar,UPI payment #0004
UTR_66722344,1499,2026-08-24T09:17:00,Meera Nair,Merchant payment #0005
UTR_23718431,999,2026-08-24T09:27:00,Karthik Iyer,Merchant payment #0006
UTR_91030736,799,2026-08-24T09:38:00,Vikram Singh,Merchant payment #0007
UTR_60806024,499,2026-08-24T10:05:00,Pooja Menon,Purchase #0008
UTR_87490893,1499,2026-08-24T10:15:00,Rohan Das,Online payment #0009
UTR_48840994,799,2026-08-24T09:32:00,Siddharth Jain,UPI payment #0010
UTR_70855700,1299,2026-08-24T09:36:00,Aman Verma,Purchase #0011
UTR_38119557,1999,2026-08-24T09:51:00,Aman Verma,Invoice #0012
UTR_91756179,7999,2026-08-24T10:45:00,Karthik Iyer,UPI payment #0013
UTR_72043515,3499,2026-08-24T10:54:00,Arjun Mehta,Subscription #0014
UTR_53524491,5999,2026-08-24T11:02:00,Karthik Iyer,Online payment #0015
UTR_18883684,499,2026-08-24T10:23:00,Sneha Reddy,Purchase #0016
UTR_97971488,4999,2026-08-24T11:18:00,Divya Krishnan,Invoice #0017
UTR_28740864,5999,2026-08-24T10:51:00,Vikram Singh,Subscription #0018
UTR_88320463,3499,2026-08-24T11:17:00,Siddharth Jain,Invoice #0019
UTR_22201654,1299,2026-08-24T10:24:00,Ananya Gupta,Online payment #0020
UTR_66661351,799,2026-08-24T10:26:00,Aman Verma,UPI payment #0021
UTR_81016525,2499,2026-08-24T11:16:00,Priya Sharma,Online payment #0022
UTR_82070937,499,2026-08-24T12:05:00,Rohan Das,UPI payment #0023
UTR_68353204,5999,2026-08-24T11:03:00,Pooja Menon,Order #0024
UTR_77187530,499,2026-08-24T12:23:00,Neha Patel,UPI payment #0025
UTR_30513739,799,2026-08-24T12:30:00,Rohan Das,Invoice #0026
UTR_90388981,999,2026-08-24T12:10:00,Pooja Menon,Merchant payment #0027
UTR_42138745,499,2026-08-24T10:27:00,Neha Patel,Invoice #0028
UTR_19289546,4999,2026-08-24T10:31:00,Sneha Reddy,Order #0029
UTR_83793389,999,2026-08-24T11:04:00,Pooja Menon,UPI payment #0030
UTR_82383095,3499,2026-08-24T12:39:00,Karthik Iyer,Purchase #0031
UTR_97225156,1299,2026-08-24T13:20:00,Siddharth Jain,Invoice #0032
UTR_40158366,3499,2026-08-24T12:20:00,Neha Patel,Order #0033
UTR_88979095,499,2026-08-24T13:00:00,Ananya Gupta,Online payment #0034
UTR_40728046,799,2026-08-24T13:41:00,Rahul Kumar,UPI payment #0035
UTR_47376585,499,2026-08-24T12:02:00,Divya Krishnan,Order #0036
UTR_42614537,1299,2026-08-24T13:23:00,Neha Patel,Subscription #0037
UTR_98447167,2499,2026-08-24T11:33:00,Pooja Menon,Order #0038
UTR_97705310,2499,2026-08-24T12:55:00,Ananya Gupta,Purchase #0039
UTR_24665841,499,2026-08-24T13:03:00,Priya Sharma,UPI payment #0040
UTR_66623995,1299,2026-08-24T13:49:00,Sneha Reddy,Purchase #0041
UTR_69476001,2999,2026-08-24T11:49:00,Karthik Iyer,Merchant payment #0042
UTR_22517517,499,2026-08-24T14:45:00,Priya Sharma,Online payment #0043
UTR_63826716,2499,2026-08-24T13:26:00,Arjun Mehta,Purchase #0044
UTR_71070189,2499,2026-08-24T11:18:00,Arjun Mehta,Purchase #0045
UTR_30776478,7999,2026-08-24T15:12:00,Vikram Singh,Merchant payment #0046
UTR_52091325,1299,2026-08-24T11:22:00,Karthik Iyer,Online payment #0047
UTR_17634247,4999,2026-08-24T13:50:00,Rahul Kumar,Online payment #0048
UTR_41568532,999,2026-08-24T11:28:00,Priya Sharma,Online payment #0049
UTR_93131979,4999,2026-08-24T12:21:00,Priya Sharma,Online payment #0050
UTR_80166708,5999,2026-08-24T15:06:00,V. Singh,UPI/0051
UTR_52169044,1499,2026-08-24T12:38:00,D. Krishnan,UPI/0052
UTR_96637649,2499,2026-08-24T12:42:00,K. Iyer,UPI/0053
UTR_71510041,1999,2026-08-24T11:47:00,N. Patel,UPI/0054
UTR_45594597,3499,2026-08-24T12:49:00,P. Sharma,UPI/0055
UTR_59597086,1999,2026-08-24T11:54:00,D. Krishnan,UPI/0056
UTR_50603163,2999,2026-08-24T15:49:00,A. Mehta,UPI/0057
UTR_23903144,3499,2026-08-24T14:00:00,A. Rao,UPI/0058
UTR_84252420,799,2026-08-24T12:07:00,K. Iyer,UPI/0059
UTR_56020613,1499,2026-08-24T16:06:00,K. Iyer,UPI/0060
UTR_75569635,5999,2026-08-24T14:14:00,A. Rao,UPI/0061
UTR_66851377,499,2026-08-24T12:16:00,D. Krishnan,UPI/0062
UTR_95511909,499,2026-08-24T14:21:00,R. Kumar,UPI/0063
UTR_67403166,7999,2026-08-24T15:33:00,A. Mehta,UPI/0064
UTR_83227889,799,2026-08-24T17:46:00,P. Sharma,UPI/0065
UTR_29876811,1999,2026-08-24T16:51:00,A. Verma,UPI/0066
UTR_15354599,499,2026-08-24T14:42:00,A. Mehta,UPI/0067
UTR_23796726,5999,2026-08-24T13:42:00,S. Reddy,UPI/0068
UTR_30743797,3499,2026-08-24T16:03:00,P. Menon,UPI/0069
UTR_13326769,999,2026-08-24T13:48:00,A. Verma,UPI/0070
UTR_45810056,1999,2026-08-24T16:17:00,Siddharth J.,Payment ref 0071
UTR_15197528,7999,2026-08-24T12:50:00,Pooja M.,Payment ref 0072
UTR_50962024,1299,2026-08-24T16:31:00,Sneha R.,Payment ref 0073
UTR_63481198,499,2026-08-24T19:03:00,Sneha R.,Payment ref 0074
UTR_96098221,799,2026-08-24T15:28:00,Karthik I.,Payment ref 0075
UTR_13704481,5999,2026-08-24T18:05:00,Vikram S.,Payment ref 0076
UTR_15134794,1499,2026-08-24T14:20:00,Divya K.,Payment ref 0077
UTR_68571795,2499,2026-08-24T15:43:00,Meera N.,Payment ref 0078
UTR_44188276,799,2026-08-24T17:05:00,Rohan D.,Payment ref 0079
UTR_58884978,2499,2026-08-24T13:11:00,Siddharth J.,Payment ref 0080
UTR_99038359,5849,2026-08-24T18:30:00,Priya Sharma,Order #0081
UTR_53779528,1249,2026-08-24T15:54:00,Siddharth Jain,Order #0082
UTR_66431351,1249,2026-08-24T14:34:00,Siddharth Jain,Order #0083
UTR_50392808,5899,2026-08-24T18:53:00,Vikram Singh,Order #0084
UTR_67698610,349,2026-08-24T16:07:00,Rohan Das,Order #0085
UTR_69345683,5849,2026-08-24T17:40:00,Meera Nair,Order #0086
UTR_98429450,3299,2026-08-24T20:38:00,Sneha Reddy,Order #0087
UTR_41523529,3249,2026-08-24T16:21:00,Karthik Iyer,Order #0088
UTR_16202700,1199,2026-08-24T14:57:00,Karthik Iyer,Order #0089
UTR_94525678,4949,2026-08-24T18:04:00,Neha Patel,Order #0090
UTR_16740197,9999,2026-08-24T13:43:00,Divya Krishnan,Merchant payment #0092
UTR_39372360,9999,2026-08-24T13:40:00,Divya Krishnan,Merchant payment #0092
UTR_69401199,799,2026-08-24T18:25:00,Sneha Reddy,Subscription #0093
UTR_99600766,799,2026-08-24T18:22:00,Sneha Reddy,Subscription #0093
UTR_70407340,7999,2026-08-24T20:04:00,Aman Verma,Purchase #0094
UTR_31361812,7999,2026-08-24T20:02:00,Aman Verma,Purchase #0094
UTR_69038700,1299,2026-08-24T21:45:00,Pooja Menon,Invoice #0095
UTR_94120751,1299,2026-08-24T21:44:00,Pooja Menon,Invoice #0095
UTR_64707061,1299,2026-08-24T18:46:00,Arjun Mehta,UPI payment #0097
UTR_38716269,1299,2026-08-24T18:44:00,Arjun Mehta,UPI payment #0097
UTR_66390708,2999,2026-08-24T18:50:00,Rohan Das,Order #0098
UTR_66240084,499,2026-08-24T17:19:00,Neha Patel,Invoice #0099
UTR_32151928,1499,2026-08-24T19:03:00,Sneha Reddy,Purchase #0100
UTR_62191530,1499,2026-08-24T19:01:00,Sneha Reddy,Purchase #0100
