transaction_id,amount,timestamp,customer_name,email,description
TXN_00001,799,2026-08-24T09:03:00,Aditi Rao,aditi.rao@example.com,UPI payment #0001
TXN_00002,7999,2026-08-24T09:06:00,Arjun Mehta,arjun.mehta@example.com,UPI payment #0002
TXN_00003,499,2026-08-24T09:09:00,Rahul Kumar,rahul.kumar@example.com,Subscription #0003
TXN_00004,3499,2026-08-24T09:16:00,Rahul Kumar,rahul.kumar@example.com,UPI payment #0004
TXN_00005,1499,2026-08-24T09:15:00,Meera Nair,meera.nair@example.com,Merchant payment #0005
TXN_00006,999,2026-08-24T09:24:00,Karthik Iyer,karthik.iyer@example.com,Merchant payment #0006
TXN_00007,799,2026-08-24T09:35:00,Vikram Singh,vikram.singh@example.com,Merchant payment #0007
TXN_00008,499,2026-08-24T10:04:00,Pooja Menon,pooja.menon@example.com,Purchase #0008
TXN_00009,1499,2026-08-24T10:12:00,Rohan Das,rohan.das@example.com,Online payment #0009
TXN_00010,799,2026-08-24T09:30:00,Siddharth Jain,siddharth.jain@example.com,UPI payment #0010
TXN_00011,1299,2026-08-24T09:33:00,Aman Verma,aman.verma@example.com,Purchase #0011
TXN_00012,1999,2026-08-24T09:48:00,Aman Verma,aman.verma@example.com,Invoice #0012
TXN_00013,7999,2026-08-24T10:44:00,Karthik Iyer,karthik.iyer@example.com,UPI payment #0013
TXN_00014,3499,2026-08-24T10:52:00,Arjun Mehta,arjun.mehta@example.com,Subscription #0014
TXN_00015,5999,2026-08-24T11:00:00,Karthik Iyer,karthik.iyer@example.com,Online payment #0015
TXN_00016,499,2026-08-24T10:20:00,Sneha Reddy,sneha.reddy@example.com,Purchase #0016
TXN_00017,4999,2026-08-24T11:16:00,Divya Krishnan,divya.krishnan@example.com,Invoice #0017
TXN_00018,5999,2026-08-24T10:48:00,Vikram Singh,vikram.singh@example.com,Subscription #0018
TXN_00019,3499,2026-08-24T11:13:00,Siddharth Jain,siddharth.jain@example.com,Invoice #0019
TXN_00020,1299,2026-08-24T10:20:00,Ananya Gupta,ananya.gupta@example.com,Online payment #0020
TXN_00021,799,2026-08-24T10:24:00,Aman Verma,aman.verma@example.com,UPI payment #0021
TXN_00022,2499,2026-08-24T11:12:00,Priya Sharma,priya.sharma@example.com,Online payment #0022
TXN_00023,499,2026-08-24T12:04:00,Rohan Das,rohan.das@example.com,UPI payment #0023
TXN_00024,5999,2026-08-24T11:00:00,Pooja Menon,pooja.menon@example.com,Order #0024
TXN_00025,499,2026-08-24T12:20:00,Neha Patel,neha.patel@example.com,UPI payment #0025
TXN_00026,799,2026-08-24T12:28:00,Rohan Das,rohan.das@example.com,Invoice #0026
TXN_00027,999,2026-08-24T12:09:00,Pooja Menon,pooja.menon@example.com,Merchant payment #0027
TXN_00028,499,2026-08-24T10:24:00,Neha Patel,neha.patel@example.com,Invoice #0028
TXN_00029,4999,2026-08-24T10:27:00,Sneha Reddy,sneha.reddy@example.com,Order #0029
TXN_00030,999,2026-08-24T11:00:00,Pooja Menon,pooja.menon@example.com,UPI payment #0030
TXN_00031,3499,2026-08-24T12:37:00,Karthik Iyer,karthik.iyer@example.com,Purchase #0031
TXN_00032,1299,2026-08-24T13:16:00,Siddharth Jain,siddharth.jain@example.com,Invoice #0032
TXN_00033,3499,2026-08-24T12:18:00,Neha Patel,neha.patel@example.com,Order #0033
TXN_00034,499,2026-08-24T12:58:00,Ananya Gupta,ananya.gupta@example.com,Online payment #0034
TXN_00035,799,2026-08-24T13:40:00,Rahul Kumar,rahul.kumar@example.com,UPI payment #0035
TXN_00036,499,2026-08-24T12:00:00,Divya Krishnan,divya.krishnan@example.com,Order #0036
TXN_00037,1299,2026-08-24T13:19:00,Neha Patel,neha.patel@example.com,Subscription #0037
TXN_00038,2499,2026-08-24T11:32:00,Pooja Menon,pooja.menon@example.com,Order #0038
TXN_00039,2499,2026-08-24T12:54:00,Ananya Gupta,ananya.gupta@example.com,Purchase #0039
TXN_00040,499,2026-08-24T13:00:00,Priya Sharma,priya.sharma@example.com,UPI payment #0040
TXN_00041,1299,2026-08-24T13:47:00,Sneha Reddy,sneha.reddy@example.com,Purchase #0041
TXN_00042,2999,2026-08-24T11:48:00,Karthik Iyer,karthik.iyer@example.com,Merchant payment #0042
TXN_00043,499,2026-08-24T14:44:00,Priya Sharma,priya.sharma@example.com,Online payment #0043
TXN_00044,2499,2026-08-24T13:24:00,Arjun Mehta,arjun.mehta@example.com,Purchase #0044
TXN_00045,2499,2026-08-24T11:15:00,Arjun Mehta,arjun.mehta@example.com,Purchase #0045
TXN_00046,7999,2026-08-24T15:08:00,Vikram Singh,vikram.singh@example.com,Merchant payment #0046
TXN_00047,1299,2026-08-24T11:21:00,Karthik Iyer,karthik.iyer@example.com,Online payment #0047
TXN_00048,4999,2026-08-24T13:48:00,Rahul Kumar,rahul.kumar@example.com,Online payment #0048
TXN_00049,999,2026-08-24T11:27:00,Priya Sharma,priya.sharma@example.com,Online payment #0049
TXN_00050,4999,2026-08-24T12:20:00,Priya Sharma,priya.sharma@example.com,Online payment #0050
TXN_00051,5999,2026-08-24T14:57:00,Vikram Singh,vikram.singh@example.com,Order #0051
TXN_00052,1499,2026-08-24T12:28:00,Divya Krishnan,divya.krishnan@example.com,Order #0052
TXN_00053,2499,2026-08-24T12:32:00,Karthik Iyer,karthik.iyer@example.com,Order #0053
TXN_00054,1999,2026-08-24T11:42:00,Neha Patel,neha.patel@example.com,Order #0054
TXN_00055,3499,2026-08-24T12:40:00,Priya Sharma,priya.sharma@example.com,Order #0055
TXN_00056,1999,2026-08-24T11:48:00,Divya Krishnan,divya.krishnan@example.com,Order #0056
TXN_00057,2999,2026-08-24T15:39:00,Arjun Mehta,arjun.mehta@example.com,Order #0057
TXN_00058,3499,2026-08-24T13:50:00,Aditi Rao,aditi.rao@example.com,Order #0058
TXN_00059,799,2026-08-24T11:57:00,Karthik Iyer,karthik.iyer@example.com,Order #0059
TXN_00060,1499,2026-08-24T16:00:00,Karthik Iyer,karthik.iyer@example.com,Order #0060
TXN_00061,5999,2026-08-24T14:05:00,Aditi Rao,aditi.rao@example.com,Order #0061
TXN_00062,499,2026-08-24T12:06:00,Divya Krishnan,divya.krishnan@example.com,Order #0062
TXN_00063,499,2026-08-24T14:15:00,Rahul Kumar,rahul.kumar@example.com,Order #0063
TXN_00064,7999,2026-08-24T15:24:00,Arjun Mehta,arjun.mehta@example.com,Order #0064
TXN_00065,799,2026-08-24T17:40:00,Priya Sharma,priya.sharma@example.com,Order #0065
TXN_00066,1999,2026-08-24T16:42:00,Aman Verma,aman.verma@example.com,Order #0066
TXN_00067,499,2026-08-24T14:35:00,Arjun Mehta,arjun.mehta@example.com,Order #0067
TXN_00068,5999,2026-08-24T13:32:00,Sneha Reddy,sneha.reddy@example.com,Order #0068
TXN_00069,3499,2026-08-24T15:54:00,Pooja Menon,pooja.menon@example.com,Order #0069
TXN_00070,999,2026-08-24T13:40:00,Aman Verma,aman.verma@example.com,Order #0070
TXN_00071,1999,2026-08-24T16:06:00,Siddharth Jain,siddharth.jain@example.com,Order #0071
TXN_00072,7999,2026-08-24T12:36:00,Pooja Menon,pooja.menon@example.com,Order #0072
TXN_00073,1299,2026-08-24T16:18:00,Sneha Reddy,sneha.reddy@example.com,Order #0073
TXN_00074,499,2026-08-24T18:52:00,Sneha Reddy,sneha.reddy@example.com,Order #0074
TXN_00075,799,2026-08-24T15:15:00,Karthik Iyer,karthik.iyer@example.com,Order #0075
TXN_00076,5999,2026-08-24T17:52:00,Vikram Singh,vikram.singh@example.com,Order #0076
TXN_00077,1499,2026-08-24T14:08:00,Divya Krishnan,divya.krishnan@example.com,Order #0077
TXN_00078,2499,2026-08-24T15:30:00,Meera Nair,meera.nair@example.com,Order #0078
TXN_00079,799,2026-08-24T16:54:00,Rohan Das,rohan.das@example.com,Order #0079
TXN_00080,2499,2026-08-24T13:00:00,Siddharth Jain,siddharth.jain@example.com,Order #0080
TXN_00081,5999,2026-08-24T18:27:00,Priya Sharma,priya.sharma@example.com,Order #0081
TXN_00082,1499,2026-08-24T15:50:00,Siddharth Jain,siddharth.jain@example.com,Order #0082
TXN_00083,1499,2026-08-24T14:32:00,Siddharth Jain,siddharth.jain@example.com,Order #0083
TXN_00084,5999,2026-08-24T18:48:00,Vikram Singh,vikram.singh@example.com,Order #0084
TXN_00085,499,2026-08-24T16:05:00,Rohan Das,rohan.das@example.com,Order #0085
TXN_00086,5999,2026-08-24T17:36:00,Meera Nair,meera.nair@example.com,Order #0086
TXN_00087,3499,2026-08-24T20:36:00,Sneha Reddy,sneha.reddy@example.com,Order #0087
TXN_00088,3499,2026-08-24T16:20:00,Karthik Iyer,karthik.iyer@example.com,Order #0088
TXN_00089,1299,2026-08-24T14:56:00,Karthik Iyer,karthik.iyer@example.com,Order #0089
TXN_00090,4999,2026-08-24T18:00:00,Neha Patel,neha.patel@example.com,Order #0090
TXN_00091,7999,2026-08-24T21:08:00,Sneha Reddy,sneha.reddy@example.com,Purchase #0091
TXN_00092,9999,2026-08-24T13:36:00,Divya Krishnan,divya.krishnan@example.com,Merchant payment #0092
TXN_00093,799,2026-08-24T18:18:00,Sneha Reddy,sneha.reddy@example.com,Subscription #0093
TXN_00094,7999,2026-08-24T19:58:00,Aman Verma,aman.verma@example.com,Purchase #0094
TXN_00095,1299,2026-08-24T21:40:00,Pooja Menon,pooja.menon@example.com,Invoice #0095
TXN_00096,1499,2026-08-24T15:24:00,Siddharth Jain,siddharth.jain@example.com,Invoice #0096
TXN_00097,1299,2026-08-24T18:42:00,Arjun Mehta,arjun.mehta@example.com,UPI payment #0097
TXN_00098,2999,2026-08-24T18:48:00,Rohan Das,rohan.das@example.com,Order #0098
TXN_00099,499,2026-08-24T17:15:00,Neha Patel,neha.patel@example.com,Invoice #0099
TXN_00100,1499,2026-08-24T19:00:00,Sneha Reddy,sneha.reddy@example.com,Purchase #0100
